"","x"
"1","X210X1"
"2","X210X4"
"3","X210X5"
"4","X210X6"
"5","X210X8"
"6","X210X10"
"7","X210X11"
"8","X210X39"
"9","X210X152"
"10","X210X187"
"11","X210X188"
"12","X210X189"
"13","X210X206"
"14","X210X207"
"15","X210X209"
"16","X220X3"
"17","X220X16"
"18","X220X60"
"19","X220X70"
"20","X220X78"
"21","X220X86"
"22","X220X94"
"23","X220X98"
"24","X220X103"
"25","X220X109"
"26","X220X138"
"27","X220X140"
"28","X220X219"
"29","X220X390"
"30","X220X391"
"31","X220X524"
"32","X220X536"
"33","X310X3"
"34","X310X17"
"35","X310X29"
"36","X310X30"
"37","X310X32"
"38","X310X33"
"39","X310X36"
"40","X310X37"
"41","X310X43"
"42","X310X44"
"43","X310X49"
"44","X310X55"
"45","X310X59"
"46","X310X63"
"47","X310X67"
"48","X310X71"
"49","X310X75"
"50","X310X79"
"51","X310X83"
"52","X310X87"
"53","X310X92"
"54","X310X98"
"55","X310X101"
"56","X310X105"
"57","X310X109"
"58","X310X113"
"59","X310X117"
"60","X310X121"
"61","X310X127"
"62","X310X129"
"63","X310X131"
"64","X310X132"
"65","X310X136"
"66","X310X203"
"67","X310X206"
"68","X310X207"
"69","X311X1"
"70","X311X7"
"71","X311X21"
"72","X311X55"
"73","X311X66"
"74","X311X76"
"75","X311X77"
"76","X311X78"
"77","X311X143"
"78","X311X154"
"79","X311X164"
"80","X311X165"
"81","X311X166"
"82","X311X217"
"83","X311X218"
"84","X311X219"
"85","X311X224"
"86","X311X225"
"87","X261X226"
"88","X261X237"
"89","X261X238"
"90","X261X239"
"91","X261X244"
"92","X261X245"
"93","X261X246"
"94","X261X247"
"95","X261X248"
"96","X261X254"
"97","X261X255"
"98","X261X256"
"99","X261X257"
"100","X261X258"
"101","X261X264"
"102","X261X266"
"103","X261X267"
"104","X261X268"
"105","X261X274"
"106","X261X276"
"107","X261X277"
"108","X261X278"
"109","X261X284"
"110","X261X286"
"111","X261X287"
"112","X261X288"
"113","X261X289"
"114","X261X294"
"115","X261X295"
"116","X261X296"
"117","X261X329"
"118","X261X340"
"119","X261X350"
"120","X261X351"
"121","X261X352"
"122","X261X403"
"123","X261X404"
"124","X261X405"
"125","X261X410"
"126","X261X411"
"127","X261X412"
"128","X261X422"
"129","X261X423"
"130","X261X424"
"131","X261X425"
"132","X261X430"
"133","X261X431"
"134","X261X432"
"135","X261X433"
"136","X261X434"
"137","X261X435"
"138","X261X440"
"139","X261X441"
"140","X261X442"
"141","X261X443"
"142","X261X444"
"143","X261X445"
"144","X261X450"
"145","X261X451"
"146","X261X452"
"147","X261X453"
"148","X261X454"
"149","X261X455"
"150","X261X460"
"151","X261X461"
"152","X261X462"
"153","X261X463"
"154","X261X464"
"155","X261X465"
"156","X261X470"
"157","X261X471"
"158","X261X472"
"159","X261X473"
"160","X261X474"
"161","X261X475"
"162","X261X480"
"163","X261X481"
"164","X261X482"
"165","X261X515"
"166","X261X526"
"167","X261X536"
"168","X261X537"
"169","X261X538"
"170","X261X589"
"171","X261X590"
"172","X261X591"
"173","X261X596"
"174","X261X597"
"175","X261X598"
"176","X261X609"
"177","X261X610"
"178","X261X611"
"179","X261X616"
"180","X261X617"
"181","X261X618"
"182","X261X619"
"183","X261X620"
"184","X261X621"
"185","X261X626"
"186","X261X627"
"187","X261X628"
"188","X261X629"
"189","X261X630"
"190","X261X636"
"191","X261X638"
"192","X261X639"
"193","X261X640"
"194","X261X646"
"195","X261X648"
"196","X261X649"
"197","X261X650"
"198","X261X656"
"199","X261X658"
"200","X261X659"
"201","X261X660"
"202","X261X661"
"203","X261X666"
"204","X261X668"
"205","X261X701"
"206","X261X712"
"207","X261X722"
"208","X261X723"
"209","X261X724"
"210","Tool...1."
"211","X312X1"
"212","X312X6"
"213","X312X8"
"214","X312X11"
"215","X312X12"
"216","X312X16"
"217","X312X21"
"218","X312X23"
"219","X312X26"
"220","X312X28"
"221","X312X38"
"222","X312X41"
"223","X312X42"
"224","X312X46"
"225","X312X48"
"226","X312X51"
"227","X312X53"
"228","X312X54"
"229","X312X57"
"230","X312X59"
"231","X312X60"
"232","X312X66"
"233","X312X131"
"234","X312X132"
"235","X312X137"
"236","X312X138"
"237","X312X143"
"238","X312X144"
"239","X312X155"
"240","X312X260"
"241","X312X277"
"242","X312X278"
"243","X312X279"
"244","X312X280"
"245","X312X283"
"246","X312X284"
"247","X312X285"
"248","X312X286"
"249","X312X289"
"250","X312X290"
"251","X312X291"
"252","X312X292"
"253","X312X356"
"254","X312X357"
"255","X312X358"
"256","X312X362"
"257","X312X363"
"258","X312X364"
"259","X312X373"
"260","X312X374"
"261","X312X375"
"262","X312X376"
"263","X312X379"
"264","X312X380"
"265","X312X381"
"266","X312X382"
"267","X312X385"
"268","X312X386"
"269","X312X387"
"270","X312X388"
"271","X312X423"
"272","X312X424"
"273","X312X425"
"274","X312X429"
"275","X312X457"
"276","X312X458"
"277","X312X462"
"278","X312X463"
"279","X312X464"
"280","X312X468"
"281","X312X469"
"282","X312X470"
"283","X312X471"
"284","X312X475"
"285","X312X476"
"286","X312X477"
"287","X312X480"
"288","X312X483"
"289","X312X489"
"290","X312X511"
"291","X312X512"
"292","X312X516"
"293","X312X517"
"294","X312X518"
"295","X312X519"
"296","X312X522"
"297","X312X523"
"298","X312X524"
"299","X312X525"
"300","X312X528"
"301","X312X529"
"302","X312X552"
"303","X312X553"
"304","X312X555"
"305","X312X558"
"306","X312X559"
"307","X312X561"
"308","X312X564"
"309","X312X565"
"310","X312X567"
"311","X312X571"
"312","X312X572"
"313","X312X573"
"314","X312X576"
"315","X312X577"
"316","X312X578"
"317","X312X579"
"318","X312X582"
"319","X312X583"
"320","X312X584"
"321","X312X585"
"322","X312X588"
"323","X312X589"
"324","X312X591"
"325","X312X597"
"326","X312X600"
"327","X312X601"
"328","X312X603"
"329","X312X625"
"330","X312X626"
"331","X312X627"
"332","X312X630"
"333","X312X631"
"334","X312X632"
"335","X312X633"
"336","X312X636"
"337","X312X637"
"338","X312X638"
"339","X312X639"
"340","X312X642"
"341","X312X643"
"342","X312X644"
"343","X312X645"
"344","X312X666"
"345","X312X667"
"346","X312X668"
"347","X312X669"
"348","X312X672"
"349","X312X673"
"350","X312X674"
"351","X312X675"
"352","X312X678"
"353","X312X679"
"354","X312X680"
"355","X312X681"
"356","X312X690"
"357","X312X691"
"358","X312X692"
"359","X312X693"
"360","X312X700"
"361","X312X718"
"362","X312X719"
"363","X312X728"
"364","X312X729"
"365","X312X730"
"366","X312X731"
"367","X312X734"
"368","X312X735"
"369","X312X736"
"370","X312X737"
"371","X312X740"
"372","X312X741"
"373","X312X742"
"374","X312X743"
"375","X312X752"
"376","X312X753"
"377","X312X754"
"378","X312X755"
"379","X330X2"
"380","X330X3"
"381","X330X4"
"382","X330X6"
"383","X330X7"
"384","X330X9"
"385","X330X10"
"386","X330X35"
"387","X330X38"
"388","X330X65"
"389","X330X68"
"390","X330X85"
"391","X330X88"
"392","X330X102"
"393","X330X106"
"394","X330X107"
"395","X330X109"
"396","X330X110"
"397","X330X113"
"398","X330X114"
"399","X330X116"
"400","X330X117"
"401","X330X120"
"402","X330X121"
"403","X330X123"
"404","X330X124"
"405","X330X127"
"406","X330X130"
"407","X330X131"
"408","X330X134"
"409","X330X137"
"410","X330X187"
"411","X330X188"
"412","X330X190"
"413","X330X191"
"414","X330X193"
"415","X330X194"
"416","X330X195"
"417","X330X208"
"418","X330X209"
"419","X330X223"
"420","X330X266"
"421","X330X276"
"422","X330X286"
"423","X330X297"
"424","X330X298"
"425","X330X299"
"426","X330X300"
"427","X330X301"
"428","X330X302"
"429","X330X363"
"430","X330X373"
"431","X330X383"
"432","X330X393"
"433","X330X394"
"434","X330X398"
"435","X330X399"
"436","X330X404"
"437","X330X405"
"438","X330X406"
"439","X330X407"
"440","X330X408"
"441","X330X409"
"442","X330X410"
"443","X330X411"
"444","X330X415"
"445","X330X416"
"446","X330X420"
"447","X330X460"
"448","X330X462"
"449","X330X463"
"450","X330X468"
"451","X330X469"
"452","X330X470"
"453","X330X472"
"454","X330X473"
"455","X330X474"
"456","X330X477"
"457","X330X478"
"458","X330X479"
"459","X330X480"
"460","X330X484"
"461","X330X487"
"462","X330X488"
"463","X330X489"
"464","X330X494"
"465","X330X511"
"466","X330X512"
"467","X330X513"
"468","X330X514"
"469","X330X515"
"470","X330X516"
"471","X330X547"
"472","X330X548"
"473","X330X550"
"474","X330X554"
"475","X330X555"
"476","X330X557"
"477","X330X558"
"478","X330X559"
"479","X330X561"
"480","X330X562"
"481","X330X563"
"482","X330X564"
"483","X330X565"
"484","X330X566"
"485","X330X568"
"486","X330X569"
"487","X330X570"
"488","X330X571"
"489","X330X572"
"490","X330X573"
"491","X330X574"
"492","X330X575"
"493","X330X576"
"494","X330X577"
"495","X330X578"
"496","X330X579"
"497","X330X581"
"498","X330X586"
"499","X330X588"
"500","X330X596"
"501","X330X597"
"502","X330X598"
"503","X330X599"
"504","X330X600"
"505","X330X601"
"506","X330X603"
"507","X330X604"
"508","X330X605"
"509","X330X606"
"510","X330X607"
"511","X330X608"
"512","X330X610"
"513","X330X611"
"514","X330X612"
"515","X330X613"
"516","X330X614"
"517","X330X615"
"518","X330X617"
"519","X330X618"
"520","X330X619"
"521","X330X620"
"522","X330X621"
"523","X330X650"
"524","X330X651"
"525","X330X652"
"526","X330X653"
"527","X330X654"
"528","X330X655"
"529","X330X656"
"530","X330X657"
"531","X330X658"
"532","X330X660"
"533","X330X661"
"534","X330X662"
"535","X330X664"
"536","X330X665"
"537","X330X667"
"538","X330X668"
"539","X330X690"
"540","X330X691"
"541","X330X692"
"542","X330X694"
"543","X330X695"
"544","X330X697"
"545","X330X698"
"546","X330X719"
"547","X330X729"
"548","X330X749"
"549","X330X759"
"550","X330X760"
"551","X330X761"
"552","X330X762"
"553","X330X764"
"554","X330X765"
"555","X330X767"
"556","X330X768"
"557","X330X782"
"558","X330X785"
"559","X330X802"
"560","X330X805"
"561","X330X828"
"562","X330X858"
"563","X330X869"
"564","X330X870"
"565","X330X871"
"566","X330X873"
"567","X330X874"
"568","X330X876"
"569","X330X877"
"570","X330X898"
"571","X330X909"
"572","X330X910"
"573","X330X911"
"574","X330X913"
"575","X330X914"
"576","X330X916"
"577","X330X917"
"578","X330X962"
"579","X330X965"
"580","X330X1043"
"581","X330X1044"
"582","X330X1045"
"583","X330X1047"
"584","X330X1048"
"585","X330X1050"
"586","X330X1051"
"587","X330X1055"
"588","X330X1065"
"589","X330X1069"
"590","X330X1072"
"591","X330X1109"
"592","X330X1112"
"593","X330X1116"
"594","X330X1117"
"595","X330X1118"
"596","X330X1120"
"597","X330X1121"
"598","X330X1123"
"599","X330X1124"
"600","X330X1126"
"601","X330X1127"
"602","X330X1128"
"603","X330X1130"
"604","X330X1131"
"605","X330X1133"
"606","X330X1134"
"607","X330X1135"
"608","X330X1149"
"609","X330X1152"
"610","X330X1181"
"611","X330X1183"
"612","X330X1224"
"613","X330X1225"
"614","X330X1226"
"615","X330X1227"
"616","X330X1228"
"617","X330X1229"
"618","X330X1231"
"619","X330X1232"
"620","X330X1234"
"621","X330X1236"
"622","X330X1238"
"623","X330X1239"
"624","X330X1240"
"625","X330X1242"
"626","X330X1243"
"627","X330X1245"
"628","X330X1246"
"629","X330X1247"
"630","X330X1254"
"631","X330X1266"
"632","X330X1269"
"633","X340X8"
"634","X340X107"
"635","X340X109"
"636","X340X182"
"637","X344X5"
"638","X344X10"
"639","X344X13"
"640","X344X15"
"641","X344X17"
"642","X344X19"
"643","X344X21"
"644","X344X23"
"645","X344X49"
"646","X344X78"
"647","X344X81"
"648","X344X84"
"649","X344X87"
"650","X344X177"
"651","X344X240"
"652","X344X246"
"653","X344X284"
"654","X344X324"
"655","X344X335"
"656","X344X341"
"657","X344X377"
"658","X440AX117"
"659","X440AX125"
"660","X440AX126"
"661","X440AX128"
"662","X440AX129"
"663","X440AX144"
"664","X440AX147"
"665","X440AX153"
"666","X440AX184"
"667","X440AX192"
"668","X440AX193"
"669","X440AX194"
"670","X440AX195"
"671","X440AX196"
"672","X440AX204"
"673","X440AX205"
"674","X440AX206"
"675","X520X148"
"676","X520X152"
"677","X520X173"
"678","X520X248"
"679","X520X250"
"680","X520X346"
"681","X520X348"
"682","X520X354"
"683","X520X356"
